{
    "name": "金紫荆高分辨率光学卫星一号",
    "scan_data_time": {
        "start": 1662606291,
        "end": 1662606299
    },
    "track": {
        "info": {
            "star": "GB-PMS-1",
            "startTime": 1662604200,
            "endTime": 1662607710,
            "interval": 90,
            "scanWidth": 600000,
            "scanHeight": 120000,
            "cycle": 5721.799701235964,
            "number": 1
        },
        "data": [
            0,
            -37.23155395764902,
            26.569678541354758,
            532522.1087615291,
            90,
            -38.20630113254025,
            32.19993885942377,
            534514.6184163523,
            180,
            -39.30859310192477,
            37.81450849167672,
            536754.1277620922,
            270,
            -40.590974308848814,
            43.409300630623136,
            539169.2602244703,
            360,
            -42.132543855290166,
            48.978741794130315,
            541684.7688565295,
            450,
            -44.059322476434595,
            54.51437828506305,
            544224.3276654899,
            540,
            -46.58581048216271,
            60.00199809745064,
            546713.3026829424,
            630,
            -50.10781386757655,
            65.41504347475652,
            549081.3913161455,
            720,
            -55.43341278803796,
            70.69755474030885,
            551265.0365259624,
            810,
            -64.4269777652305,
            75.71245821376607,
            553209.5359736286,
            900,
            -81.82626613874297,
            80.05677976984396,
            554870.7755764335,
            990,
            -116.1008122775782,
            82.47455131996647,
            556216.5502232893,
            1080,
            -155.58397449850833,
            81.20631045070435,
            557227.419473199,
            1170,
            -177.8660773731516,
            77.31475284602661,
            557897.0917428769,
            1260,
            171.03946497450056,
            72.46697875928675,
            558232.3258652905,
            1350,
            164.7605696546006,
            67.26520328293398,
            558252.3590423726,
            1440,
            160.7471848865515,
            61.903343253694075,
            557987.8827543361,
            1530,
            157.93978574606433,
            56.455834654053014,
            557479.6012665775,
            1620,
            155.8396773818031,
            50.956277348664734,
            556776.4225208876,
            1710,
            154.18511243384557,
            45.421854234529384,
            555933.3390170386,
            1800,
            152.8262178229937,
            39.86231537010307,
            555009.0772000503,
            1890,
            151.6709197430801,
            34.28375116946444,
            554063.5973798654,
            1980,
            150.65920023225016,
            28.69035504560994,
            553155.5399654835,
            2070,
            149.7498164822486,
            23.085312201904475,
            552339.718833914,
            2160,
            148.91296292986445,
            17.471269320098358,
            551664.7650175919,
            2250,
            148.1259583016445,
            11.850602341705754,
            551171.0235109149,
            2340,
            147.37054189879345,
            6.225542030233224,
            550888.7923086858,
            2430,
            146.63105536246326,
            0.5982585792964432,
            550836.9902448431,
            2520,
            145.89309379379833,
            -5.029102781691,
            551022.3112461963,
            2610,
            145.1423707409594,
            -10.65440059076781,
            551438.907151728,
            2700,
            144.36360292765886,
            -16.275477489762203,
            552068.6140088219,
            2790,
            143.53922673776836,
            -21.890127085314056,
            552881.7111058297,
            2880,
            142.64770814228356,
            -27.496031602060423,
            553838.1772259345,
            2970,
            141.6610817085575,
            -33.090628616092175,
            554889.3827276506,
            3060,
            140.54107250750528,
            -38.670899537429094,
            555980.1465324999,
            3150,
            139.23259383240958,
            -44.23294577367445,
            557051.0579331431,
            3240,
            137.65213793496514,
            -49.771219004587216,
            558040.9695995877,
            3330,
            135.66562635455696,
            -55.277010665021464,
            558889.5561913068,
            3420,
            133.04275225425812,
            -60.73527782821749,
            559539.8375530613,
            3510,
            129.35373205370766,
            -66.11728977229822,
            559940.5709699249,
            3600,
            123.70875597226836,
            -71.36123553004566,
            560048.4248972625
        ]
    }
}