{
    "name": "金紫荆雷达卫星一号",
    "scan_data_time": {
        "start": 1656730964,
        "end": 1656730973
    },
    "track": {
        "info": {
            "star": "GB-SAR-1",
            "startTime": 1656729000,
            "endTime": 1656732510,
            "interval": 90,
            "scanWidth": 600000,
            "scanHeight": 120000,
            "cycle": 5662.327752923647,
            "number": 1
        },
        "data": [
            0,
            -105.20035655474325,
            32.42095087815667,
            506866.03204340464,
            90,
            -106.29214942064507,
            38.06746329096753,
            507020.4936232767,
            180,
            -107.56608331330763,
            43.697784845587755,
            507224.9686612804,
            270,
            -109.10335539582985,
            49.306486494519184,
            507425.0757844393,
            360,
            -111.03444620146894,
            54.885151231147255,
            507566.22835057444,
            450,
            -113.58389110662878,
            60.41933015073877,
            507596.2490474558,
            540,
            -117.17209303169491,
            65.88148271369643,
            507467.86977593636,
            630,
            -122.6747945906678,
            71.21223895566716,
            507141.0186771827,
            720,
            -132.16956918736173,
            76.26160266737085,
            506584.8082759667,
            810,
            -151.08862330446527,
            80.5697205435277,
            505779.15156088147,
            900,
            171.69921726493547,
            82.68394751521863,
            504715.9500525813,
            990,
            132.82167282415108,
            80.91350106984312,
            503399.8047975101,
            1080,
            112.43558594540727,
            76.72817773115973,
            501848.2293238767,
            1170,
            102.33063896936486,
            71.713445606888,
            500091.3467661458,
            1260,
            96.55413223459476,
            66.38806962582032,
            498171.0761884069,
            1350,
            92.8250922162221,
            60.91837313333233,
            496139.8271917778,
            1440,
            90.19482376867423,
            55.36910582049023,
            494058.7390528408,
            1530,
            88.21334360344218,
            49.770004737401074,
            491995.5170596722,
            1620,
            86.64258666230486,
            44.136632018755954,
            490021.94253455946,
            1710,
            85.34523987199701,
            38.478092654914775,
            488211.13045531,
            1800,
            84.23637032155693,
            32.80032790020504,
            486634.6561728314,
            1890,
            83.26023530144427,
            27.107654518901054,
            485359.65233704884,
            1980,
            82.37823918426189,
            21.403542281189317,
            484446.00454357715,
            2070,
            81.56223294854256,
            15.691023214024503,
            483943.7697973408,
            2160,
            80.79054028718643,
            9.972906857536199,
            483890.9382523752,
            2250,
            80.04543986365893,
            4.251903157180034,
            484311.64637571876,
            2340,
            79.31143181889257,
            -1.4693391165863967,
            485214.9309644419,
            2430,
            78.57391358013534,
            -7.188199547060037,
            486594.0884128522,
            2520,
            77.81800995492351,
            -12.902077870589183,
            488426.6721301256,
            2610,
            77.02735742707236,
            -18.608378780912666,
            490675.1299467323,
            2700,
            76.18262636547453,
            -24.30447521016582,
            493288.0501484715,
            2790,
            75.25948359012726,
            -29.98762791773779,
            496201.9549168126,
            2880,
            74.2255074370655,
            -35.65482962254898,
            499343.5560993603,
            2970,
            73.0351690663487,
            -41.30249793652862,
            502632.3591570026,
            3060,
            71.62111745279199,
            -46.92593671838449,
            505983.51924525923,
            3150,
            69.87804634964981,
            -52.51826237694777,
            509310.79911309096,
            3240,
            67.63054741639101,
            -58.06824221633747,
            512529.52969593933,
            3330,
            64.56325864072733,
            -63.55549759958124,
            515559.4526040795,
            3420,
            60.05229723839594,
            -68.93856963349977,
            518327.34506145155,
            3510,
            52.70618875212721,
            -74.12039614337662,
            520769.3419476409,
            3600,
            38.9996885427435,
            -78.8287423327312,
            522832.87818564806
        ]
    }
}