{
    "name": "demo",
    "scan_data_time": {
        "start": 1663928053,
        "end": 1663928064
    },
    "track": {
        "info": {
            "star": "demo",
            "startTime": 1663925400,
            "endTime": 1663932504,
            "interval": 96,
            "scanWidth": 600000,
            "scanHeight": 120000,
            "cycle": 5990.783378632699,
            "number": 2
        },
        "data": [
            0,
            87.70172613625923, -43.797103557237165,
            767634.4817361406,
            96,
            85.92193163903661, -49.4207673258342,
            769837.6431857051,
            192,
            83.68448354308555, -55.002736259437995,
            771923.158706095,
            288,
            80.72931112245055, -60.523632162519306,
            773818.2933356693,
            384,
            76.57321677355117, -65.94657161303607,
            775456.4467861874,
            480,
            70.22751691301686, -71.1927232729275,
            776779.6471262237,
            576,
            59.450633487969604, -76.0679356496739,
            777740.7097493178,
            672,
            39.103697984110234, -80.02057608952825,
            778304.9790044879,
            768,
            4.012201655179385, -81.62832931552772,
            778451.6031262792,
            864, -29.94408098824233, -79.72556798278927,
            778174.3033121738,
            960, -49.097266706148, -75.64509442363122,
            777481.6143562048,
            1056, -59.31140123343159, -70.72095483952344,
            776396.5897051184,
            1152, -65.39026203645518, -65.4526347775613,
            774955.9791670154,
            1248, -69.40574460116557, -60.01768909057165,
            773208.9030081242,
            1344, -72.27950676134944, -54.48923522126322,
            771215.0619929489,
            1440, -74.46628480884738, -48.90189338588984,
            769042.5390517694,
            1536, -76.21280714784707, -43.27402826554304,
            766765.2644068121,
            1632, -77.66389557031341, -37.61638724218979,
            764460.2316039945,
            1728, -78.91031158257901, -31.935879196355703,
            762204.5660234508,
            1824, -80.01226311422622, -26.237389079450676,
            760072.5589697476,
            1920, -81.01183775433914, -20.524712249869527,
            758132.7880225118,
            2016, -81.9400227046249, -14.801061522563991,
            756445.4473574879,
            2112, -82.820926016178, -9.069337406722832,
            755060.003197912,
            2208, -83.67448874857655, -3.3322988473598367,
            754013.293200961,
            2304, -84.51838727487626,
            2.407358740470382,
            753328.1463413832,
            2400, -85.36952523322098,
            8.146949025164401,
            753012.6012207529,
            2496, -86.24539261460436,
            13.88375477525156,
            753059.7566217539,
            2592, -87.16552646529142,
            19.614979398156297,
            753448.2618260636,
            2688, -88.15333880673408,
            25.337667153312726,
            754143.4213177381,
            2784, -89.23869359614896,
            31.04856050639724,
            755098.8581350994,
            2880, -90.46187447777417,
            36.74384350574802,
            756258.6537183688,
            2976, -91.88013357951792,
            42.418677858971144,
            757559.8613012162,
            3072, -93.57920114516531,
            48.06634515037128,
            758935.2757647266,
            3168, -95.69486774181836,
            53.67658940249521,
            760316.3357502335,
            3264, -98.45650461589757,
            59.232195013782906,
            761636.0333972734,
            3360, -102.28255120476042,
            64.7012571266947,
            762831.7125000858,
            3456, -108.01102740247184,
            70.01757956183539,
            763847.6459946014,
            3552, -117.50580414326079,
            75.02350194631626,
            764637.2972114787,
            3648, -135.1418966505532,
            79.2816197700185,
            765165.1848606917,
            3744, -167.43762244933947,
            81.57563443941673,
            765408.2898356938,
            3840,
            156.07240614251177,
            80.38152541673166,
            765356.9550576804,
            3936,
            133.98488718301095,
            76.6009463363199,
            765015.2543904678,
            4032,
            122.39091910143966,
            71.77644384925908,
            764400.8157027129,
            4128,
            115.66906620082388,
            66.54103011082057,
            763544.1054092789,
            4224,
            111.32031448566568,
            61.11455253316809,
            762487.1970608875,
            4320,
            108.25629432870467,
            55.584551644109155,
            761282.0640135887,
            4416,
            105.95249813771999,
            49.99140183329804,
            759988.4534458552,
            4512,
            104.12989645575988,
            44.356105251407485,
            758671.4159433258,
            4608,
            102.62732252561769,
            38.69076298705552,
            757398.5809388878,
            4704,
            101.34512411809543,
            33.003044621379836,
            756237.2825587754,
            4800,
            100.21797524334097,
            27.298293404507913,
            755251.6517224758,
            4896,
            99.20071655616138,
            21.580594131503975,
            754499.7974120378,
            4992,
            98.26047079373915,
            15.853343570944563,
            754031.2016468388,
            5088,
            97.3719684517329,
            10.11956440729978,
            753884.4478984483,
            5184,
            96.51458759107992,
            4.382079818546849,
            754085.3909807174,
            5280,
            95.67032299053491, -1.356386849597209,
            754645.8576161803,
            5376,
            94.82223294110386, -7.093165153850091,
            755562.9443883508,
            5472,
            93.9530752085773, -12.825582354365695,
            756818.9450985392,
            5568,
            93.04388801551924, -18.55092734136602,
            758381.916559496,
            5664,
            92.07226885921537, -24.266375794761913,
            760206.8521826522,
            5760,
            91.01000196047059, -29.96886220342787,
            762237.4072344592,
            5856,
            89.81946730598165, -35.65485101575834,
            764408.0928344138,
            5952,
            88.44779853026283, -41.31992594371591,
            766646.8361209227,
            6048,
            86.81675771540625, -46.9580384739521,
            768877.7909080045,
            6144,
            84.80403447328794, -52.56007604847501,
            771024.2769147826,
            6240,
            82.20618857140691, -58.11095916790039,
            773011.7259160734,
            6336,
            78.65899350068247, -63.583234610168034,
            774770.5189758253,
            6432,
            73.44948710011907, -68.92129341548417,
            776238.6091203407,
            6528,
            65.03000437788099, -73.99687190689323,
            777363.8370400595,
            6624,
            49.76899720696911, -78.4655659800726,
            778105.8624974194,
            6720,
            20.9730925131037, -81.33818038110577,
            778437.6500446788,
            6816, -16.75600325035868, -80.94472473908743,
            778346.4637363986,
            6912, -42.15718144969048, -77.5917305740297,
            777834.3413915372,
            7008, -55.46764212609037, -72.94126011653768,
            776918.0349784583,
            7104, -62.99257834301739, -67.79109798146618,
            775628.4159697097,
            7200, -67.7554221388174, -62.41647000320231,
            774009.3687827056
        ]
    }
}